tconst,primaryTitle,startYear
tt0062336,El Tango del Viudo y Su Espejo Deformante,2020
tt0120589,Arigo,2020
tt10006160,Kala azar,2020
tt10032266,Asia,2020
tt10039354,LasseMajas detektivbyrå - Tågrånarens hemlighet,2020
tt10039524,Luxor,2020
tt10044182,Block Z,2020
tt10049262,James & Pat & Dave,2020
tt10051088,Curveball,2020
tt10068916,Made in Abyss: Dawn of the Deep Soul,2020
tt10075442,Classic Again,2020
tt10081762,Breaking Surface,2020
tt10081788,L'Oiseau de Paradis,2020
tt10098442,L'autre,2020
tt10100678,Losers Revolution,2020
tt10107222,Cocoon,2020
tt10111440,Aadya,2020
tt10117768,My Little Sister,2020
tt10122486,I Need You Dead!,2020
tt10122618,Gondi,2020
tt10123970,Mothers Child,2020
tt10149080,La Liga de los 5,2020
tt10153510,Corazón ardiente,2020
tt10153822,Por Detrás da Moeda,2020
tt10167422,Voices in the Wind,2020
tt10171904,Aggie,2020
tt10187680,Forensic,2020
tt10192640,The Riot and the Dance,2020
tt10196398,Bye Bye Morons,2020
tt10196578,Reel 2,2020
tt10204756,La volta buona,2020
tt10207588,Floripes,2020
tt10230290,Matares,2020
tt10230436,Yeh Ballet,2020
tt10239320,The Surrogate,2020
tt10245450,A Chef's Voyage,2020
tt10247750,Ordinary Justice,2020
tt10252330,Granny Nanny,2020
tt10256238,Created Equal: Clarence Thomas in His Own Words,2020
tt10260692,Faith Based,2020
tt10268550,Minyan,2020
tt10272386,The Father,2020
tt10288320,Modelar,2020
tt10290160,Influence,2020
tt10295430,Paramapadham Vilayattu,2020
tt10295936,Magic Mountains,2020
tt10308500,Butai Yu Yu Hakusho,2020
tt10313748,La leyenda negra,2020
tt10333912,Gulabo Sitabo,2020
tt10344522,Four Good Days,2020
tt10353866,Ellie & Abbie (& Ellie's Dead Aunt),2020
tt10358198,The Dinner Party,2020
tt10365870,This Is My Desire,2020
tt10366902,Victim(s),2020
tt10369344,Le temps des Marguerite,2020
tt10370380,The Windermere Children,2020
tt10370644,Helmut Newton: The Bad and the Beautiful,2020
tt10370822,Detective Chinatown 3,2020
tt10373830,Aviva,2020
tt10375972,Vores mand i Amerika,2020
tt10384246,Friend Request,2020
tt10384472,Amityville Vibrator,2020
tt10385556,Livet efter döden,2020
tt10389922,Air Conditioner,2020
tt10394820,The Beautiful Game,2020
tt10397696,Psychosynthesis,2020
tt10400198,The Sound of The Wind,2020
tt10408944,Romance in the Outfield: Double Play,2020
tt10413566,Tolo Tolo,2020
tt10418830,Sanguinetti,2020
tt10419042,AB Aani CD,2020
tt10420532,Ask Tesadüfleri Sever 2,2020
tt10426916,Tout simplement noir,2020
tt10428118,Limbo,2020
tt10434142,Schoolgirls,2020
tt10436314,Shut up Sona,2020
tt10438500,Alone with Her Dreams,2020
tt10441822,The Nowhere Inn,2020
tt10441958,How to Be a Good Wife,2020
tt10445280,Uncivilized,2020
tt10451852,Nine Days,2020
tt10452766,Uppercase Print,2020
tt10456640,Present Still Perfect,2020
tt10456740,Lost Bullet,2020
tt10457128,Summer of 85,2020
tt10463126,Tromasterpiece Theatre: Poultrygeist,2020
tt10463692,Catch of the Day 2: You Die at Dawn!,2020
tt10482066,Beware of Dog,2020
tt10482098,Farewell Paradise,2020
tt10482504,The Trip to Greece,2020
tt10482802,The Lamp of Truth,2020
tt10487428,Shoot to Marry,2020
tt10492998,Odio l'estate,2020
tt10500534,Inland,2020
tt10510534,Higher Love,2020
tt10511382,The Self Portrait,2020
tt10513474,In un futuro aprile,2020
tt1051906,The Invisible Man,2020
tt10520218,Halloween Night,2020
tt10530462,Nikah Yuk,2020
tt10553086,Medicating Normal (2020),2020
tt10560062,Marcus,2020
tt10580094,My Name Is Raja,2020
tt10582422,Sweet Sunshine,2020
tt10590530,Psy 3: W imie zasad,2020
tt10594792,Mafia: Chapter 1,2020
tt10596982,Wake Up: Stories from the Frontlines of Suicide Prevention,2020
tt10601432,Confessions of a Producer,2020
tt10603286,Gullregn,2020
tt10608770,Wanton,2020
tt10609050,"Leonie, actrice en spionne",2020
tt10613992,Games People Play,2020
tt10620868,#Alive,2020
tt10627352,Delete History,2020
tt10627710,Influence,2020
tt10627868,The Monopoly on Violence,2020
tt10633456,Minari,2020
tt10640766,Toko Barang Mantan,2020
tt10642250,Death of Nintendo,2020
tt10642834,The 40-Year-Old Version,2020
tt10648192,The Division,2020
tt10648624,4/20,2020
tt10659224,El-Deccur,2020
tt10661180,The Last Shift,2020
tt10670442,Leap,2020
tt10675392,Saezuru Tori Wa Habatakanai: The Clouds Gather,2020
tt10682062,Palasa 1978,2020
tt10683800,Free Burma Rangers,2020
tt10691314,Are We Lost Forever,2020
tt10692888,Ponmagal Vandhal,2020
tt10699348,Rundfunk: Jachterwachter,2020
tt10702148,The Killing of Two Lovers,2020
tt10714856,Feel the Beat,2020
tt10715268,Mister Soul - A Story About Donny Hathaway,2020
tt10717738,Anjaam Pathiraa,2020
tt10727214,Pirates Down the Street,2020
tt10728764,Nobody Knows I'm Here,2020
tt10731100,The Other Path,2020
tt10731362,His,2020
tt10735778,Lethal Kittens or How We Came to Love Our Shovels During a Limited Anti-Terrorist Operation with Temporary Elements of a State of War,2020
tt10756160,Teenage Girl: First Wheels,2020
tt10761534,Precarious,2020
tt10763668,Newtopia,2020
tt10763684,Orkesterin edessä,2020
tt10767066,Blast Beat,2020
tt10768548,Raahu,2020
tt10770904,Yerba Buena,2020
tt10773028,Anak Garuda,2020
tt10773090,Sarileru Neekevvaru,2020
tt10773114,One Day We'll Talk About Today,2020
tt10776270,May the Devil Take You: Chapter Two,2020
tt10777644,From the Heart,2020
tt10778840,Dwitiyo Purush,2020
tt10801042,Love Aaj Kal Porshu,2020
tt10801196,Pressure Cooker,2020
tt10804178,Jak zostalem gangsterem. Historia prawdziwa,2020
tt10806028,Agir Romantik,2020
tt10816420,Dignitate,2020
tt10816484,18 Presents,2020
tt10820008,Unchained,2020
tt10833310,Poker Queens,2020
tt10836742,In Your Afterglow,2020
tt10841384,The Forevers,2020
tt10850578,Swingersi,2020
tt10857048,Sayonara made no 30-bun,2020
tt10875678,Happy Hardy and Heer,2020
tt10880402,De Gaulle,2020
tt10919132,Love Mocktail,2020
tt10922066,Ice 2,2020
tt10925166,Deadly Daughter Switch,2020
tt10927554,Klovn the Final,2020
tt10930558,Rasuk 2,2020
tt10935014,Selfie King,2020
tt10937670,Figli,2020
tt10941616,"Seniors, a dogumentary",2020
tt10945734,The Fourth Character,2020
tt10948718,The Heist of the Century,2020
tt10949014,One-way to Moscow,2020
tt10957620,Mellow,2020
tt10958102,Our Scripted Life,2020
tt10964430,Thappad,2020
tt10967954,The Beloved Daughter,2020
tt10968008,Taanashah,2020
tt10968694,Paakaati Po,2020
tt10984686,Jinde Meriye,2020
tt10993566,Miami Bici,2020
tt11018402,Working Girls,2020
tt11018424,If It Were Love,2020
tt11024568,Savaari,2020
tt11041352,Action,2020
tt11041466,Oka Chinna Viramam,2020
tt11043394,Blind Eyes Opened,2020
tt11053478,The Last Fishing Trip,2020
tt11055922,Fat Fiction,2020
tt11057500,Se Escuchan Aullidos,2020
tt11059412,Panther Homecoming,2020
tt11068166,All Hands on Deck,2020
tt11078564,Catwalk: From Glada Hudik to New York,2020
tt11079136,Joppe 2,2020
tt11079540,The Will,2020
tt11079552,A Game Called Relationship,2020
tt11080442,The Circle,2020
tt11089906,Before the Night Is Over,2020
tt11090306,La Fortaleza,2020
tt11095742,Boys State,2020
tt11097590,D. Wade Life Unexpected,2020
tt11099860,Blue Marble Sky,2020
tt11116936,Kelet,2020
tt11120670,Khoon shod,2020
tt11122430,Untimely,2020
tt11127256,Choke,2020
tt11127878,Milea,2020
tt11132342,Ladies of Steel,2020
tt11136602,Petit Samedi,2020
tt11138922,The Fallen Astronaut,2020
tt11142628,Hard Plastic,2020
tt11143108,Oh My Kadavule,2020
tt11147976,The Horn,2020
tt11151982,Goblin Slayer: Goblin's Crown,2020
tt11157218,Valayam,2020
tt11162502,G the Film,2020
tt11162826,Naked Animals,2020
tt11164090,The Moving on Phase,2020
tt11165716,North Hollywood,2020
tt11173106,Sufna,2020
tt11177804,Legend of Deification,2020
tt11183466,Mya Mya,2020
tt11192714,Retreat to Paradise,2020
tt11199356,Bheeshma,2020
tt11207902,Lejos de Casa pelicula Venezolana,2020
tt11230868,Kappela,2020
tt11231440,Doordarshan,2020
tt11235142,Dia,2020
tt11239374,Scumbag,2020
tt11242532,Viva the Underdogs,2020
tt11243064,Killing Tony,2020
tt11261820,Tahara,2020
tt11262098,Jasper Mall,2020
tt11272742,Zarvanytsia (New Jerusalem),2020
tt11276298,Das geheime Leben der Bäume,2020
tt11280912,Maarjaara Oru Kalluvacha Nuna,2020
tt11291334,Suraya,2020
tt11295984,Bhoomiyile Manohara Swakaryam,2020
tt11296058,The Painter and the Thief,2020
tt11297308,The Rocket,2020
tt11301882,Choosi Choodangaane,2020
tt11312640,Tenere,2020
tt11313114,Chained (Agora II),2020
tt11316854,Gabriel's Inferno,2020
tt11316964,Mia,2020
tt11318044,Dhurala,2020
tt11318228,Vaanam Kottattum,2020
tt11318348,Brahma Janen Gopon Kommoti,2020
tt11322920,Ayyappanum Koshiyum,2020
tt11327514,Uncle Frank,2020
tt11331320,Run Zindagi Run,2020
tt11333488,Slushatel,2020
tt11343320,Body of Night,2020
tt11343416,Acrylic,2020
tt11343692,Titus: Mystery of The Enygma,2020
tt11350742,Reel Redemption,2020
tt11352202,A Private Dancer in Mom's Kitchen!,2020
tt11355174,Amrutha Ramam,2020
tt11358166,Some Kind of Heaven,2020
tt11358398,The Man Standing Next,2020
tt11364248,Bulan dan Pria Terhebat,2020
tt11364376,"Acasa, My Home",2020
tt11369498,The Flight,2020
tt11371224,"Merry Christmas, Yiwu",2020
tt11374498,The Lawyer,2020
tt11374598,The Average Color of the Universe,2020
tt11377484,I'll Never Forget My High School Friends,2020
tt11378264,Mucho Mucho Amor: The Legend of Walter Mercado,2020
tt11380884,Farewell Amor,2020
tt11382384,The Dissident,2020
tt11384348,Incredible India,2020
tt11388580,Miss Americana,2020
tt11388990,I Carry You with Me,2020
tt11389562,The Mountains Are a Dream That Call to Me,2020
tt11390102,Vivos,2020
tt11391604,Once Upon a Time in Venezuela,2020
tt11392114,"Bloody Nose, Empty Pockets",2020
tt11393026,Banksy and the Rise of Outlaw Art,2020
tt11394158,Miss Juneteenth,2020
tt11394166,A Thousand Cuts,2020
tt11394168,Be Water,2020
tt11394170,Coded Bias,2020
tt11394176,The Cost of Silence,2020
tt11394180,Dick Johnson Is Dead,2020
tt11394182,Feels Good Man,2020
tt11394188,Spaceship Earth,2020
tt11394198,Us Kids,2020
tt11394200,Welcome to Chechnya,2020
tt11394276,Assassins,2020
tt11394288,Summer White,2020
tt11394290,The Earth Is Blue as an Orange,2020
tt11394296,Into the Deep,2020
tt11394298,The Mole Agent,2020
tt11394308,Saudi Runaway,2020
tt11394314,Softie,2020
tt11394318,The Truffle Hunters,2020
tt11394330,Omniboat: A Fast Boat Fantasia,2020
tt11394332,Spree,2020
tt11394340,Summertime,2020
tt11394468,The Go-Go's,2020
tt11394650,On the Record,2020
tt11401900,Astounding Courage in Distress,2020
tt11402054,Viddana,2020
tt11416594,Karakomik Filmler: Deli,2020
tt11416746,Time,2020
tt11417696,The Echo of Being,2020
tt11427436,Lance,2020
tt11428420,Psychosis in Stockholm,2020
tt11428894,Damp Season,2020
tt11428996,Kiki: Lanet-i Cin,2020
tt11430262,Aswathama,2020
tt11433848,Tempos,2020
tt11433874,Psycho Pass 3: First Inspector,2020
tt11442270,Bunker,2020
tt11443398,Neubau,2020
tt11447764,Panquiaco,2020
tt11447806,Transhood,2020
tt11448936,You Know Him,2020
tt11449072,Kartoffelsalat 3 - Das Musical,2020
tt11450018,Fetus,2020
tt11450902,Meanwhile on Earth,2020
tt11454890,Luv Ni Love Storys,2020
tt11456606,Eye to Eye,2020
tt11457262,Choricha Mamla,2020
tt11462296,Raggie,2020
tt11464016,Gunda,2020
tt11464046,Days of Rage: the Rolling Stones' Road to Altamont,2020
tt11464246,The Ghosts,2020
tt11464826,The Social Dilemma,2020
tt11468524,Ask No Questions,2020
tt11469110,The Trouble with Nature,2020
tt11469196,I Blame Society,2020
tt11469660,Si Doel the Movie 3,2020
tt11470064,Mariposa,2020
tt11470290,Gentleman,2020
tt11473946,How Far is Home,2020
tt11478014,Kishiryu Sentai Ryusoulger vs. Lupinranger vs. Patranger,2020
tt11489058,The Royal Train,2020
tt11489092,Brot,2020
tt11489112,Paris Calligrammes,2020
tt11490170,Hit,2020
tt11493046,City on the River,2020
tt11493232,Sifir Bir,2020
tt11496088,A Fish Swimming Upside Down,2020
tt11496136,Garage People,2020
tt11496264,Walchensee Forever,2020
tt11497180,Your Love Song,2020
tt11497232,The Kung Fu Master,2020
tt11497346,Malgudi Days,2020
tt11497480,Asur,2020
tt11497808,Sraboner Dhara,2020
tt11502802,Tobulas Pasimatymas,2020
tt11507558,Vikun Taak,2020
tt11508224,Kaanchli Life in a Slough,2020
tt11509538,Haunted Hills,2020
tt11512522,Daulat,2020
tt11515380,3rd Class,2020
tt11522680,Mashin Sentai Kiramager: Episode Zero,2020
tt11525298,The Fittest,2020
tt11525468,Horror Nights,2020
tt11530606,Amazing Grace,2020
tt11531530,Varane Avashyamund,2020
tt11534342,Sahane Hayaller,2020
tt11536072,Gauthamante Radham,2020
tt11536216,Shivan,2020
tt11536276,3 Monkeys,2020
tt11536510,Couch Connections,2020
tt11536662,Mi Socio 2.0,2020
tt11536684,Ek Sainik - The Tale of a warrior,2020
tt11537730,We Are the Missing,2020
tt11538080,Tékasztorik 2,2020
tt11539888,I Love Tropoja,2020
tt11540082,Canceling,2020
tt11541624,Naanu Matthu Gunda,2020
tt11542194,Kaaal,2020
tt11542244,Lur eta Amets,2020
tt11546078,Utthara,2020
tt11547520,AK-47,2020
tt11550202,Zabawa w chowanego,2020
tt11553304,The Blackwell Ghost 4,2020
tt11554776,Temen Kondangan,2020
tt11558924,Hillary,2020
tt11560012,Klases Salidojums 2,2020
tt11560070,André Rieu: 70 Years Young,2020
tt11561514,Lonely Rock,2020
tt11561866,Masameer the Movie,2020
tt11563822,Colombia in My Arms,2020
tt11563836,The Winners,2020
tt11565362,Rescue Me: International,2020
tt11566164,Secret Zoo,2020
tt11569584,Kem Chho?,2020
tt11569602,Affraa Taffri,2020
tt11570482,Squeezed Up - Tales of Polynesian Pop and Kustom Kulture,2020
tt11572530,The Year of the Discovery,2020
tt11573410,Guns of Banaras,2020
tt11576692,Every Week Has A Friday,2020
tt11580628,Drama Girl,2020
tt11583568,Open Mic Days,2020
tt11586122,Bhaybheet,2020
tt11586480,Nardjes A. 2019,2020
tt11587720,Mhorkya,2020
tt11596782,Mann Fakiraa,2020
tt11600880,CatVideoFest 2020,2020
tt11602414,Big Fish Big Adventure - Kenn and Fredericks Reef,2020
tt11602548,Malaya,2020
tt11602560,Sunday Night Fever,2020
tt11602790,Crestone,2020
tt11611650,The Longest War,2020
tt11613184,Mounam,2020
tt11614054,Mayor,2020
tt11614472,A feltaláló,2020
tt11615038,After Truth: Disinformation and the Cost of Fake News,2020
tt11615290,Beastie Boys Story,2020
tt11617052,Undine,2020
tt11617492,Orbius,2020
tt11617584,Pelle Svanslös,2020
tt11620786,Heroes,2020
tt11621896,Detection of Di Renjie,2020
tt11622272,Spring Uje spring,2020
tt11625100,The Metamorphosis of Birds,2020
tt11625548,El navegante solitario,2020
tt11625552,La protagonista,2020
tt11628154,Highline,2020
tt11628720,Jodoh Syaitan,2020
tt11633204,Flowers 02,2020
tt11633632,Templars: The Da Vinci Code Secrets,2020
tt11638942,Funny Face,2020
tt11638956,Isabella,2020
tt11639052,Black Milk,2020
tt11639420,High School Fleet the Movie,2020
tt11639716,Mathe Udbhava,2020
tt11640320,L'Affaire Caravage,2020
tt11640412,#FriendButMarried 2,2020
tt11643110,Finding Sally,2020
tt11644320,Connor McDavid: Whatever It Takes,2020
tt11646562,The Longest Day,2020
tt11649614,Hitman: Agent Jun,2020
tt11651604,Silencer,2020
tt11652520,Artemis: The Neverending Quartet,2020
tt11652546,Maya (III),2020
tt11652808,Encounters,2020
tt11654024,Exhibition on Screen: Lucian Freud - A Self Portrait 2020,2020
tt11654504,AmarJyoti AkkaMahadevi,2020
tt11655136,Bad Guys,2020
tt11655640,The Wonder Box,2020
tt11656548,Mother,2020
tt11657594,Fred Jüssi. The Beauty of Being,2020
tt11657822,Ondu Shikariya Kathe,2020
tt11657892,"Mamá, mamá, mamá",2020
tt11659544,Cannabis v.s Cancer,2020
tt11661666,Patterns of Evidence: The Red Sea Miracle,2020
tt11663090,Fight Lah! Kopitiam,2020
tt11668320,"Crazy, Not Insane",2020
tt11669118,4 Mantan,2020
tt11669702,The Tie,2020
tt11670198,Les vies d'Albert Camus,2020
tt11670372,Csak családról ne,2020
tt11670552,Zero,2020
tt11671040,Riverdance 25th Anniversary Show,2020
tt11674528,A Moment of Happiness,2020
tt11675302,Thakkol Pazhuthu,2020
tt11680668,The Israeli Boys,2020
tt11681028,Once the Dust Settles,2020
tt11681170,Bicchugatthi Chapter 1,2020
tt11685322,Sweet Thing,2020
tt11686750,As Dead As It Gets,2020
tt11686784,Broken Truth,2020
tt11687098,Ein bisschen bleiben wir noch,2020
tt11687100,The Last Circus Princess,2020
tt11689036,Good Vibes at the Iowa State Fair,2020
tt11689090,The Nose or Conspiracy of Mavericks,2020
tt11690716,Truffel Liefde,2020
tt11690838,The Legend of Baron To'a,2020
tt11691696,Shukranu,2020
tt11691722,Schweinsteiger Memories: Von Anfang bis Legende,2020
tt11692176,Water get no enemy,2020
tt11693446,Innan Jag Växer Upp,2020
tt11694756,We Are from There,2020
tt11695654,Uncle Peckerhead,2020
tt11696978,2020 Oscar Nominated Short Films: Live Action,2020
tt11696984,2020 Oscar Nominated Short Films: Animation,2020
tt11696986,2020 Oscar Nominated Short Films: Documentary,2020
tt11697536,"On Vodka, Beers, and Regrets",2020
tt11697690,The Woman Who Ran,2020
tt11697820,Days,2020
tt11697832,DAU. Natasha,2020
tt11697844,There Is No Evil,2020
tt11698280,Pretending I'm a Superman: The Tony Hawk Video Game Story,2020
tt11698618,Long Live Love,2020
tt11701316,Scarleth,2020
tt11701644,Het geheugen van Auschwitz,2020
tt11702612,The Best of L.A.A.F Volume 1,2020
tt11703166,13 Lost: The Untold Story of the Thai Cave Rescue,2020
tt11704012,Winter,2020
tt11704354,Kesari (Saffron),2020
tt11707460,Blue Eyes and Colorful My Dress,2020
tt11708140,ASYLUM: Twisted Horror and Fantasy Tales,2020
tt11709428,Ever Slow Green,2020
tt11710234,Hunter in the Blue Side of Manchester,2020
tt11710954,Carnival Pilgrims,2020
tt11712870,Turn Out the Lights,2020
tt11714386,"Silicon Valley, Baby.",2020
tt11715202,Gabriel Medina,2020
tt11719648,Dry Wind,2020
tt11719702,Divinely Evil,2020
tt11719826,"It's True, It's True, It's True: Artemisia on trial",2020
tt11721070,Até o Fim,2020
tt11723916,Sow the Wind,2020
tt11724312,Tales from the Campfire 3,2020
tt11724834,Love Diaries,2020
tt11730940,Bamfaad,2020
tt11731984,Dharala Prabhu,2020
tt11734316,Black Wall Street Burning,2020
tt11736856,Holland Road Massacre: The Legend of Pigman,2020
tt11737756,Golkeri,2020
tt11737772,Chal Mera Putt 2,2020
tt11737936,Walnut Tree,2020
tt11739474,Jetzt oder morgen,2020
tt11743734,The Outcoming,2020
tt11743900,Cookie,2020
tt11744432,Sleep,2020
tt11745888,Always Amber,2020
tt11747014,Los Hijos de San Luis,2020
tt11747286,One in a Thousand,2020
tt11747746,Amazon Mirror,2020
tt11748354,Perfumes,2020
tt11749272,Sonnet Nine,2020
tt11749480,Shooter,2020
tt11753696,Little Girl,2020
tt11754896,The Light from the Chocolate Factory,2020
tt11757862,Segundos fuera,2020
tt11758356,Notes from the Underworld,2020
tt11758900,Time of Moulting,2020
tt11760270,BIR,2020
tt11760484,Neevalle Nenunna,2020
tt11761404,Jostissi de Carreró,2020
tt11763742,Road to Roma,2020
tt11767484,Butterfly Stroke,2020
tt11767552,O Pitta Katha,2020
tt11767722,The Sun,2020
tt11768018,Zero Day,2020
tt11770890,Skin,2020
tt11771028,The House of Love,2020
tt11771310,Tooman,2020
tt11771486,Golda Maria,2020
tt11771734,Speer Goes to Hollywood,2020
tt11772516,Red,2020
tt11772786,Entre perro y lobo,2020
tt11772966,Atabai,2020
tt11773160,Puff Puff Pass,2020
tt11773286,Abadan 1160,2020
tt11773342,Prema Pipasi,2020
tt11773484,Ballad for a white cow,2020
tt11773588,To Die in the Pure Water,2020
tt11773648,Bone Marrow,2020
tt11774348,War Note,2020
tt11774804,Court Martial,2020
tt11775378,Emilia,2020
tt11777040,Time to Hunt,2020
tt11777298,DAU. Degeneratsiya,2020
tt11777308,Murder Death Koreatown,2020
tt11777460,Sri Bharatha Baahubali,2020
tt11777926,Strike or Die,2020
tt11777952,The Exit of the Trains,2020
tt11778508,Built on Graves,2020
tt11778542,Medium,2020
tt11779616,Shivaji Surathkal,2020
tt11779688,Safalta 0KM,2020
tt11781778,The Accused: Damned or Devoted?,2020
tt11783108,My Name Is Baghdad,2020
tt11783582,The Great Brady Heist,2020
tt11786320,Andrés Iniesta: The Unexpected Hero,2020
tt11787910,Johanna Dohnal - Visionary of Feminism,2020
tt11789866,Life to AfterLife: Tragedy by Design,2020
tt11790902,Schlingensief: A Voice That Shook the Silence,2020
tt11798142,What remains,2020
tt11801494,Climbing Blind,2020
tt11802110,Moscow. Dormitory area,2020
tt11802768,Purple Sea,2020
tt11803268,Save and Quit?,2020
tt11803666,Automotive,2020
tt11803676,After the Crossing,2020
tt11803704,Maggie's Farm,2020
tt11803714,Kannamoochi,2020
tt11804094,La meta è il viaggio nella postmodernità - Murelli e Graziani a colloquio,2020
tt11804388,"Cyrille, agriculteur, 30 ans, 20 vaches, du lait, du beurre, des dettes",2020
tt11804758,Jimmy Carter: Rock & Roll President,2020
tt11808270,Death files,2020
tt11809482,Sadika: The Multi-Dimensional Artist,2020
tt11810612,Our Limits,2020
tt11812338,Honest Candidate,2020
tt11816260,Office 39 - Kim's Cash Machine,2020
tt11822898,"Les bourreaux de Staline - Katyn, 1940",2020
tt11823614,Russkie gruziny. Film pervyy,2020
tt11831688,Machki w'Âoued,2020
tt11832702,They Come to America IV: Immigration & Politics,2020
tt11835270,My Truth: The Rape of Two Coreys,2020
tt11835528,La corte de Ana,2020
tt11835972,Pride & Protest,2020
tt11841158,My Dear Mother,2020
tt11845692,Tales from Six Feet Under,2020
tt11847966,Eureka,2020
tt11849508,Besser Welt als Nie,2020
tt11851430,Ballad for a Pierced Heart,2020
tt11851846,Marketing the Messiah,2020
tt11856418,Block Island,2020
tt11858196,Secrets of the Surface: The Mathematical Vision of Maryam Mirzakhani,2020
tt11860342,In-Mates,2020
tt11864802,UFC 249: Khabib vs. Ferguson,2020
tt11867986,Thee Wreckers Tetralogy,2020
tt11873256,Padauk Musical,2020
tt11874662,The Fight for Greenland,2020
tt11880890,Joshua,2020
tt11880904,Isha,2020
tt11890562,Concrete shark,2020
tt11900404,Caught in the Net,2020
tt11903004,Hotel Belgrade,2020
tt11905190,ETs Among Us 4: The Reality of ET/Human Hybrids,2020
tt11905316,Wake Up on Mars,2020
tt11905462,Athlete A,2020
tt11905466,Banksy Most Wanted,2020
tt11905470,Screenplay of an Indian Love Story,2020
tt11905612,Ricky Powell: The Individualist,2020
tt11905922,Stray,2020
tt11905962,Sputnik,2020
tt11905972,Call Your Mother,2020
tt11906392,Low Season,2020
tt11908034,Stacey Dooley: On the Psych Ward,2020
tt11908062,Winter,2020
tt11908078,Brave Are the Fallen,2020
tt11912390,2 States,2020
tt11916278,The Scheme,2020
tt11920236,Unakkagathane,2020
tt11921622,Fritz Pollard: A Forgotten Man,2020
tt11924560,Once Before,2020
tt11924850,Terror and Hope: The Science of Resilience,2020
tt11925310,Sumrak u beckom haustoru,2020
tt11928520,Sonic Rebuilt,2020
tt11929442,Balkowitsch,2020
tt11930236,Neofascismo? Rispettatelo! Da giovane ebbe un futuro anche lui,2020
tt11937670,El Father Plays Himself,2020
tt11939544,"Asjad, millest me ei räägi",2020
tt11941042,Down a Dark Stairwell,2020
tt11945060,Fotografação,2020
tt11945626,Pearl Jam: Gigaton Theater Experience,2020
tt11947446,Ikko Mikke,2020
tt11950836,Lúa vermella,2020
tt11952822,Mnohaya lita. Stoyko,2020
tt11953608,Ask Any Buddy,2020
tt11958344,A Whisker Away,2020
tt11958790,The Prophet and the Space Aliens,2020
tt11960430,1917: The Real Story,2020
tt11962012,Araf 4: Meryem,2020
tt11968852,A Year Forever,2020
tt11972952,Politica e Spiritualità nel Postmoderno,2020
tt11975104,Mishima: The Last Debate,2020
tt11975230,The Skywalker Legacy,2020
tt11976170,Jeeudo,2020
tt11989026,Most Common Budbak,2020
tt11990802,Don't Call Me Bigfoot,2020
tt11992366,Don Juan kopaszodik,2020
tt11994750,Made You Look: A True Story About Fake Art,2020
tt11996308,Before the Wrath,2020
tt12007548,Who Laughs in Hell,2020
tt12009240,Bare,2020
tt12016628,Jete Jete Pothe,2020
tt12017948,Hart van de Democratie,2020
tt12021598,Coronavirus. Apocalypse,2020
tt12025884,I Want to Believe,2020
tt12027020,LA Originals,2020
tt12031966,Acting Out of Love,2020
tt12036052,Elephant,2020
tt12037668,From Parrots to Elephants: Worldwide Animal Rescues,2020
tt12041084,Kill Chain: The Cyber War on America's Elections,2020
tt12041958,Pride and Prejudice - A New Musical,2020
tt12044426,Dheet Patangey,2020
tt12053324,Missie NS,2020
tt12054700,Leve de vrouw van de SRV (Last of the Mohicans),2020
tt12058866,Maurizio Murelli - Non siamo caduti in autunno,2020
tt12058882,Coachella: 20 Years in the Desert,2020
tt12073082,Prue Leith: Journey with My Daughter,2020
tt12074044,Love Me,2020
tt12078096,Endurance,2020
tt12080904,Penguins: Life on the Edge,2020
tt12081026,Time Warp: The Greatest Cult Films of All-Time- Vol. 1 Midnight Madness,2020
tt12084330,On a Clear Day You Can See the Revolution from Here,2020
tt12084964,Chunky Shrapnel,2020
tt12093674,Shoot for the Moon,2020
tt12093878,LEGO DC: Shazam - Magic & Monsters,2020
tt12094296,Vrankrix and the Amsterdam EURnrichment,2020
tt12094320,"Sigmund Freud, un juif sans Dieu",2020
tt12095032,Songs of Repression,2020
tt12100044,In the Footsteps of Elephant,2020
tt12100080,Diving with Dolphins,2020
tt12106188,My Year of Living Mindfully,2020
tt12108272,Close Encounters of the Fifth Kind,2020
tt12109930,"Monero Means Money: Cryptocurrency 101, Live from Leipzig",2020
tt12113360,Made in Senegal,2020
tt12113608,Invisible Paradise,2020
tt12115150,Non Western,2020
tt12116104,The Definition of Insanity,2020
tt12117528,Kanni Maadam,2020
tt12119582,Project 88: Back to the Future Too,2020
tt12125148,Burn with Us,2020
tt12131262,Out of Shadows,2020
tt12133254,De Stig,2020
tt12133722,Have a Good Trip: Adventures in Psychedelics,2020
tt12134074,Operndiven - Operntunten,2020
tt12137534,Jane Goodall: The Hope,2020
tt12141544,Waste vol. 1,2020
tt12159334,Birds (or how to be one),2020
tt12165726,Forever Love,2020
tt12166890,KingCobraJFS: Now it's a Party!,2020
tt12169664,9,2020
tt12179472,Happiness Continues,2020
tt12179952,Rage: Lléname de rabia,2020
tt12180672,Travel from Moscow to St. Petersburg on the ship Nikolai Karamzin,2020
tt12182450,The Spooky Pumpkin,2020
tt12184468,Siamo tutti Alberto Sordi?,2020
tt12187586,Father Soldier Son,2020
tt12188996,Amor Fati,2020
tt12193476,Down,2020
tt12200224,Sockeye Salmon. Red fish,2020
tt12200444,Il mio corpo,2020
tt12205406,God of Gamblers,2020
tt12221748,Becoming,2020
tt12223922,Ghost Workers,2020
tt12233622,Josiah,2020
tt12234204,As mortes,2020
tt12234276,Lock-In,2020
tt12234312,La nova escola,2020
tt12252806,"Amaia, Una vuelta al Sol",2020
tt12257268,Pieni punainen,2020
tt12261772,S01E03,2020
tt12262546,Birth Wars,2020
tt12268038,America's Last Little Italy: The Hill,2020
tt12271694,Property Damage,2020
tt12280634,"Madrid, int.",2020
tt12282962,Ambient 0,2020
tt12283008,Gamlet,2020
tt12283040,The catcher in the rye,2020
tt12283080,A million little pieces,2020
tt12283106,Nfd,2020
tt12283140,A1,2020
tt12286048,The Walrus and the Whistleblower,2020
tt12292428,Endgame 2050,2020
tt12296240,Gewoon Boef,2020
tt12297376,Cringe,2020
tt12300682,Bernie Blackout,2020
tt12306214,Aileen Wuornos: Mind of a Monster,2020
tt12308308,Can you hear me?,2020
tt12308738,Born to be an Influencer,2020
tt12310736,This movie was filmed accidentally,2020
tt12331174,Alma Portuguesa,2020
tt12336660,St. Petersburg. The melody of the northern capital,2020
tt12337394,Chaddr - Unter Uns Der Fluss,2020
tt12338276,Alien Contactee,2020
tt12343594,"By the Way, Woody Allen Is Innocent",2020
tt12350518,DAU. Katya Tanya,2020
tt12350844,Are We in Love?,2020
tt12351044,Refugee Conversations,2020
tt12351148,Sundays,2020
tt12352162,We Hold the Line,2020
tt12354896,My Favorite War,2020
tt12354914,The Shaman Sorceress,2020
tt12354974,True North,2020
tt12357296,Un tal Alonso Quijano,2020
tt12363788,Banking on Africa: The Bitcoin Revolution,2020
tt12373798,The Pandemic Anthology,2020
tt12374104,A Kingdom for a Crown,2020
tt12386040,The 8th,2020
tt12386330,Descent,2020
tt12389904,Prayer for a Lost Mitten,2020
tt12390580,Lockdown,2020
tt12391966,La chancha,2020
tt12393472,Boys on Film 20: Heaven Can Wait,2020
tt12393526,Bulbbul,2020
tt12395462,Groeten van Gerri,2020
tt12395780,Eddie Pepitone: For the Masses,2020
tt12398210,Kmêdeus,2020
tt12404190,Syif Malam Raya,2020
tt12404220,Dude Perfect: Backstage Pass,2020
tt12404632,YMS: Kimba the White Lion,2020
tt12404852,Mamakiki,2020
tt12424320,The Town that Loved Bigfoot,2020
tt12427962,Neil Breen's 5 Film Retrospective,2020
tt12433630,Mozna panikowac,2020
tt12443946,Sweat,2020
tt12447890,Yiorgos of Kedros,2020
tt12458954,Auguste Escoffier ou la naissance de la gastronomie moderne,2020
tt12474292,Cas Communautaire,2020
tt12476644,Forget About Everything for Awhile,2020
tt12479482,Ocean Autopsy: The Secret Story of Our Seas,2020
tt12484916,Fatal Journey,2020
tt12486200,Sky Tour: The Movie,2020
tt12490392,WingMan,2020
tt12491064,The Intruder,2020
tt12498114,Invisible Evidence,2020
tt12498582,Bhanumathi & Ramakrishna,2020
tt12505468,Kadakh,2020
tt12523550,Invisible Portraits,2020
tt12525356,Brock: Over the Top,2020
tt12525800,A Prequel of Gold Convoyers: A Fearful Crisis,2020
tt12526464,Qawwali - Music of the Mystics,2020
tt12527102,Denise Ho: Becoming the Song,2020
tt12527188,Nirontor,2020
tt12530302,"100.000 - Alles, was ich nie wollte",2020
tt12551260,Just Speechless,2020
tt12567090,Blokhavn,2020
tt12569462,White Noise,2020
tt12573452,The Lost Boys of Bucks County,2020
tt12577912,Infinite Potential: The Life & Ideas of David Bohm,2020
tt12578498,Péril sur la ville,2020
tt12581186,Wilson's Silence,2020
tt12586452,Merman Academy: The Movie,2020
tt12615654,Born to Play,2020
tt12617878,Windfall,2020
tt12619256,I WeirDO,2020
tt12636658,Knerten og sjøormen,2020
tt12642252,National Theatre Live: Les Blancs,2020
tt12644232,Liar Hunter,2020
tt12655700,The Fandom,2020
tt12660966,Lost on Everest,2020
tt12694208,Þegiðu og syntu,2020
tt1502397,Bad Boys for Life,2020
tt1656177,Most Wanted,2020
tt1715344,Adam,2020
tt2218324,The Unbreakable Sword,2020
tt2400447,Tell Me I Love You,2020
tt2766800,Grainne Uaile: The Movie,2020
tt2845854,Torn Cloth,2020
tt2896932,Repeat Attenders,2020
tt2918226,Let Them Have Their Way,2020
tt3037588,My Senior Year,2020
tt3108448,Soundtrack to Sixteen,2020
tt3111426,Lost Girls,2020
tt3223318,Pigeon Kings,2020
tt3260524,A Secret Love,2020
tt3274690,Nathan's Kingdom,2020
tt3290322,The Runners,2020
tt3380766,King's Gambit,2020
tt3518152,Necroland,2020
tt3574800,Sammy-Gate,2020
tt3794354,Sonic the Hedgehog,2020
tt3807352,Chasing Red,2020
tt3833480,The Outpost,2020
tt3878654,Michael Des Barres: Who Do You Want Me to Be?,2020
tt3907584,All the Bright Places,2020
tt3914684,Lemonheads,2020
tt3918800,Welcome to the Circle,2020
tt4018690,Pilot Error,2020
tt4023464,Our Friend Jon,2020
tt4109438,Heart of Africa,2020
tt4124980,Creators: The Past,2020
tt4134712,Get Back Up,2020
tt4166648,Talking to God,2020
tt4205718,Intersect,2020
tt4255196,Before the Fire,2020
tt4301502,Jim Shoe,2020
tt4305334,Good Friday,2020
tt4405652,American Terrorist,2020
tt4467294,Days of Cannibalism,2020
tt4479696,Marlene,2020
tt4574968,The Invisible Class,2020
tt4789550,No Small Matter,2020
tt4823596,Cinema Pameer,2020
tt4858674,Stargirl,2020
tt4875960,1 Interrogation,2020
tt4907206,Turnt,2020
tt4943820,Once Is Enough,2020
tt4997858,Risen: The Story of Chron 'Hell Razah' Smith,2020
tt5170778,Strain 100,2020
tt5194294,Missing in Greenwood,2020
tt5206260,The Willoughbys,2020
tt5241482,Talita,2020
tt5259822,Tesla,2020
tt5439812,Zola,2020
tt5472822,Flint,2020
tt5512290,Elephant Refugees,2020
tt5538670,Jailbreak Pact,2020
tt5546726,#Sugarwater,2020
tt5554356,The Evening Hour,2020
tt5571814,Sisters Apart,2020
tt5591240,Waar 2,2020
tt5598868,Here Are the Young Men,2020
tt5649086,Le rire,2020
tt5658540,Mosquito,2020
tt5704368,The Mimic,2020
tt5714470,Come Away,2020
tt5718648,On the Arm,2020
tt5739042,Ecstasy,2020
tt5742712,Sunset on the River Styx,2020
tt5747714,Unbound,2020
tt5788218,Yatagan,2020
tt5792124,What the Night Can Do,2020
tt5797184,Escape from Pretoria,2020
tt5807330,Tread,2020
tt5848326,Healing River,2020
tt5862338,Uppity: The Willy T. Ribbs Story,2020
tt5877196,Eden,2020
tt5891062,The Brain That Wouldn't Die,2020
tt5917226,The Turncoat,2020
tt5918982,Possessor,2020
tt5971968,Find Your Groove,2020
tt5976054,Skullz,2020
tt6028556,Point Defiance,2020
tt6028620,Charlatan,2020
tt6048638,A Ghost Waits,2020
tt6048922,Greyhound,2020
tt6051918,Unsound,2020
tt6074102,Cumbia que te vas de ronda,2020
tt6099284,40 Years of Rocky: The Birth of a Classic,2020
tt6118034,8th Round Pick(2020),2020
tt6128108,Whirlybird,2020
tt6135692,Frackers,2020
tt6193522,Spelling the Dream,2020
tt6244938,Midnight Sun,2020
tt6281426,Life's Mapped Out,2020
tt6285944,The Banker,2020
tt6304730,Hood Pranks the Movie,2020
tt6434210,The Works and Days (of Tayoko Shiojiri in the Shiotani Basin),2020
tt6458744,Unit Eleven,2020
tt6470924,Berlin Alexanderplatz,2020
tt6520962,Stan the Man,2020
tt6535932,Drought,2020
tt6539750,Happy Happy Joy Joy: The Ren & Stimpy Story,2020
tt6560320,False Hopes,2020
tt6587254,A Dead Dame in Hollywood,2020
tt6587640,Trolls World Tour,2020
tt6614334,Escaping Freedom,2020
tt6668212,A Life of Speed: The Juan Manuel Fangio Story,2020
tt6670680,Musical Chair,2020
tt6698964,Hager,2020
tt6720438,Emerson Heights,2020
tt6720802,Trance,2020
tt6773538,Cabarete,2020
tt6818118,Jumbo,2020
tt6820324,Timmy Failure: Mistakes Were Made,2020
tt6824530,United Nation Three Decades of Drum & Bass,2020
tt6829882,Disrupted,2020
tt6848958,Jurica Road,2020
tt6857804,Stolen Season,2020
tt6861076,Sin Sister,2020
tt6871146,Cashing Out,2020
tt6875374,Adventures of a Mathematician,2020
tt6882604,Archive,2020
tt6914122,Resistance,2020
tt6984230,The Serpent,2020
tt6988296,Runt,2020
tt7008038,Entrenchment,2020
tt7017928,The Pre-Drink,2020
tt7043790,The Ventures: Stars on Guitars,2020
tt7059626,EKS,2020
tt7087984,Server Sundaram,2020
tt7117966,Ode to Passion,2020
tt7143598,The Arbors,2020
tt7146812,Onward,2020
tt7166434,Chestersberg,2020
tt7171054,The Color Rose,2020
tt7174660,She's in Portland,2020
tt7189226,Snatchers,2020
tt7197042,Meat the Future,2020
tt7209472,Aiyai: Wrathful Soul,2020
tt7285388,Kayla,2020
tt7319846,Record Safari,2020
tt7326186,De,2020
tt7333982,Basketball County: In the Water,2020
tt7370170,Ride Hard: Live Free,2020
tt7389874,War for Peace,2020
tt7401840,Faraway Eyes,2020
tt7411120,For the Love of Jessee,2020
tt7432980,My Darling Vivian,2020
tt7504726,The Call of the Wild,2020
tt7556122,The Old Guard,2020
tt7562334,Lady Driver,2020
tt7566118,Why Am I Here?,2020
tt7570872,Línea 137,2020
tt7583460,Mare,2020
tt7584540,The Format,2020
tt7658158,We Need to Talk About A.I,2020
tt7664948,Unprescribed,2020
tt7711170,Alone,2020
tt7713068,Birds of Prey: And the Fantabulous Emancipation of One Harley Quinn,2020
tt7765778,American Wisper,2020
tt7766018,The Pushkar Lodge,2020
tt7771558,Twelve Days of Christmas,2020
tt7772582,Never Rarely Sometimes Always,2020
tt7793340,Keep Me Company,2020
tt7811018,A Yellow Animal,2020
tt7821116,Case 347,2020
tt7838654,Finding Grace,2020
tt7873348,Save Yourselves!,2020
tt7886936,Dating Amber,2020
tt7891970,Never Be Done: The Richard Glen Lett Story,2020
tt7900106,Pari,2020
tt7915464,Chance,2020
tt7918240,Ánima,2020
tt7928156,The House Invictus,2020
tt7934860,Roy's World: Barry Gifford's Chicago,2020
tt7975576,Sanzaru,2020
tt8009744,Worth,2020
tt8014860,Goud,2020
tt8042112,Gypsy,2020
tt8042292,Kannum Kannum Kollaiyadithaal,2020
tt8045100,One Summer When You Went Away,2020
tt8076930,Exit,2020
tt8079510,The Secret of Karma,2020
tt8080350,Bendita Rebeldía,2020
tt8099854,La guerra di Cam,2020
tt8102806,The Night,2020
tt8108274,Tanhaji: The Unsung Warrior,2020
tt8129682,Phobias,2020
tt8170358,Green Rush,2020
tt8179470,Looks That Kill,2020
tt8200456,Cindy La Regia,2020
tt8222346,Banging Lanie,2020
tt8223770,The Protectors,2020
tt8226508,Kottayam,2020
tt8240242,Language Arts,2020
tt8241138,Loop,2020
tt8241876,5th Borough,2020
tt8242084,My Spy,2020
tt8244784,The Hunt,2020
tt8269248,Vakeel Saab,2020
tt8270168,Todo Carnaval Tem Seu Fim,2020
tt8291808,Superette Anna,2020
tt8291918,Odin vdokh,2020
tt8326624,A Perfectly Normal Family,2020
tt8332454,Shooting Heroin,2020
tt8332802,Amulet,2020
tt8338762,The Nest,2020
tt8346438,Gekijôban Shirobako,2020
tt8362228,The Stand at Paxton County,2020
tt8364138,Stage Mother,2020
tt8365306,Relentless,2020
tt8368512,The Courier,2020
tt8370552,The ParaPod Movie,2020
tt8386654,Torn: Dark Bullets,2020
tt8386958,Wildland,2020
tt8387918,Kill It and Leave This Town,2020
tt8413006,Art Paul of Playboy: The Man Behind the Bunny,2020
tt8414224,Entombed,2020
tt8415728,One of These Days,2020
tt8422626,New Kids on the Blockchain,2020
tt8424638,BUOYANCY,2020
tt8424862,Skin: The Movie,2020
tt8430386,Queen of Paradis,2020
tt8430598,Shirley,2020
tt8435362,Capo di Famiglia: Part II,2020
tt8447170,Skull: The Mask,2020
tt8451954,Second Samuel,2020
tt8461042,The Marijuana Conspiracy,2020
tt8472964,Chintu Ka Birthday,2020
tt8477336,Shine Your Eyes,2020
tt8482492,City of Salt,2020
tt8503618,Hamilton,2020
tt8508734,His House,2020
tt8524650,Cranston Academy: Monster Zone,2020
tt8526010,Sinamkol,2020
tt8526344,Juvenile Delinquents,2020
tt8526370,Bad Tales,2020
tt8530796,Light in the Dark,2020
tt8531398,Next Door,2020
tt8531658,Nature of Love,2020
tt8544498,The Way Back,2020
tt8574186,Havana Kyrie,2020
tt8580274,Eurovision Song Contest: The Story of Fire Saga,2020
tt8597594,Adverse,2020
tt8628638,Song of Songs: The Journey of a Consecrated Virgin,2020
tt8629748,Spenser Confidential,2020
tt8630154,Drive Me to the End,2020
tt8636690,Making Time,2020
tt8637504,Disclosure,2020
tt8649438,La Palma,2020
tt8656686,Run Sweetheart Run,2020
tt8661444,Haunting,2020
tt8709886,Cheema Prema Madhyalo Bhama,2020
tt8724130,Les nôtres,2020
tt8736336,That's Amore,2020
tt8743262,Treasure City,2020
tt8747450,Chaman Bahaar,2020
tt8750570,Sergio,2020
tt8760856,An Irish Story: This Is My Home,2020
tt8775036,House of Children,2020
tt8778970,Gift Box,2020
tt8779424,DUSTWUN,2020
tt8785030,Beast Beast,2020
tt8793082,Mentally Apart,2020
tt8801582,Kruimeltje,2020
tt8809750,Last Letter,2020
tt8851668,The Lovebirds,2020
tt8892064,No Hard Feelings,2020
tt8902948,Tigertail,2020
tt8902978,Wander Darkly,2020
tt8907986,Angrezi Medium,2020
tt8910408,Songs of Solomon,2020
tt8923484,Crip Camp,2020
tt8936646,Extraction,2020
tt8941294,Human Hibachi,2020
tt8948132,Into the Darkness,2020
tt8955708,Exile,2020
tt8976418,Sethum Aayiram Pon,2020
tt8976992,The Shepherdess and the Seven Songs,2020
tt8981770,Break,2020
tt8983166,Panga,2020
tt8984382,Jagdzeit,2020
tt9010360,The Legend of the Five,2020
tt9010738,Miss Fisher and the Crypt of Tears,2020
tt9014656,Narcissus and Goldmund,2020
tt9015798,Tattaad,2020
tt9043022,A Shape of Things to Come,2020
tt9044650,Bonus,2020
tt9048802,Father,2020
tt9048840,Charm City Kings,2020
tt9050898,Murder to Mercy: The Cyntoia Brown Story,2020
tt9058654,Dinner in America,2020
tt9058890,Sindhustan,2020
tt9062808,The End of Quantum Reality,2020
tt9072352,Relic,2020
tt9076562,Irresistible,2020
tt9077090,I'll Be Around,2020
tt9077352,Veins of the World,2020
tt9089510,Bompton Had a Dream,2020
tt9098928,The Reason I Jump,2020
tt9102084,Fried Barry,2020
tt9109976,Psycho,2020
tt9112712,Breaking Fast,2020
tt9115528,Never Too Late,2020
tt9125394,Moondance,2020
tt9143112,Falling,2020
tt9148706,Misbehaviour,2020
tt9178004,Clownery,2020
tt9179096,Minamata,2020
tt9181732,Lindenberg! Mach dein Ding,2020
tt9196192,Cuties,2020
tt9203586,"Cryptopia: Bitcoin, Blockchains and the Future of the Internet",2020
tt9207700,Made in Italy,2020
tt9208444,Impractical Jokers: The Movie,2020
tt9209312,Une sirène à Paris,2020
tt9214832,Emma.,2020
tt9235564,Hello Darlin',2020
tt9248952,Jawaani Jaaneman,2020
tt9261218,Uncorked,2020
tt9263762,Poster Boys,2020
tt9270422,The Wanderers,2020
tt9283920,The Rescue,2020
tt9286908,High Ground,2020
tt9302994,A Soldier's Revenge,2020
tt9305634,Surge,2020
tt9308382,The High Note,2020
tt9310328,Altered Carbon: Resleeved,2020
tt9318772,Fukushima 50,2020
tt9324808,aTypical Wednesday,2020
tt9345754,The Occupant,2020
tt9348848,Flukten over grensen,2020
tt9354118,Our Father's Keeper,2020
tt9354842,To All the Boys: P.S. I Still Love You,2020
tt9389916,Digger,2020
tt9419016,Losing Vietnam,2020
tt9448932,Love Sarah,2020
tt9452824,Faces of the Dead,2020
tt9471782,Tsunami,2020
tt9471988,"Hüvasti, NSVL",2020
tt9484998,Palm Springs,2020
tt9490012,LOL & The Rise of Evil,2020
tt9503722,About a Teacher,2020
tt9506474,The Hater,2020
tt9507234,Digimon Adventure: Last Evolution Kizuna,2020
tt9510324,Death of a Fool,2020
tt9521590,Violet,2020
tt9524692,The E-Listers: Life Back in the Lane,2020
tt9537292,Ala Vaikunthapurramuloo,2020
tt9563096,The Invisible,2020
tt9580138,Mortal Kombat Legends: Scorpion's Revenge,2020
tt9601220,Black Bear,2020
tt9605894,Silence,2020
tt9614064,Dust Nuggets,2020
tt9616700,Adú,2020
tt9619908,9/11 Kids,2020
tt9620292,Promising Young Woman,2020
tt9624900,Marcel Duchamp: Art of the Possible,2020
tt9628392,Mayabazar 2016,2020
tt9628568,The Cloud in Her Room,2020
tt9630832,Don't Shoot the Messenger,2020
tt9635540,Darbar,2020
tt9642630,Prawaas,2020
tt9646844,Dream Round,2020
tt9648792,Maayanadhi,2020
tt9653558,All Its Name Implies,2020
tt9656126,The American Sector,2020
tt9660666,La lista de los deseos,2020
tt9664732,Disco Raja,2020
tt9683478,The Half of It,2020
tt9684220,Bad Trip,2020
tt9686708,The King of Staten Island,2020
tt9690184,The Dose,2020
tt9691282,Jora: The Second Chapter,2020
tt9691324,Sab Kushal Mangal,2020
tt9691336,Jaanu,2020
tt9694312,Stardust,2020
tt9697214,The Delicacy,2020
tt9697774,Treasure Lies,2020
tt9701934,Final Report,2020
tt9708358,Uncle Tom,2020
tt9716208,Summer of Mesa,2020
tt9717498,One for All,2020
tt9731534,The Night House,2020
tt9735350,Rebuilding Paradise,2020
tt9737798,Platzspitzbaby,2020
tt9738784,Persian Lessons,2020
tt9742588,Helene,2020
tt9747594,Beasts That Cling to the Straw,2020
tt9766280,Bhangra Paa Le,2020
tt9774748,Fright,2020
tt9777644,Da 5 Bloods,2020
tt9778348,The Winter Lake,2020
tt9779516,I Still Believe,2020
tt9804514,Para toda la muerte,2020
tt9806322,Isi & Ossi,2020
tt9807856,Kaanadante Maayavadanu,2020
tt9827834,Sylvie's Love,2020
tt9843470,La isla de las mentiras,2020
tt9850050,Charter,2020
tt9855978,Dreambuilders,2020
tt9866708,Wild Karnataka,2020
tt9877170,Malang,2020
tt9881630,Nahuel and the Magic Book,2020
tt9890308,Nasir,2020
tt9892094,Mogul Mowgli,2020
tt9894440,Min pappa Marianne,2020
tt9897258,Rosa pietra stella,2020
tt9902160,Herself,2020
tt9910530,Svartklubb,2020
tt9911196,De Beentjes van Sint-Hildegard,2020
